title,link,source,scraped_at
PERSONAL BUSINESS TRAVEL REMAINS INDISPENSABLE IN A FRAGMENTED WORLD,https://www.tourism-review.com/business-travel-combined-with-digital-communication-is-the-new-trend-news15248,tourism_review,2026-01-07T02:50:36.293006
TOP 5 DIRTIEST TOURIST CITIES IN THE WORLD 2025,https://www.tourism-review.com/the-dirtiest-tourits-cities-around-the-world-news15232,tourism_review,2026-01-07T02:50:36.293006
GEORGIA WITHDRAWS ITS UN TOURISM CANDIDACY,https://www.tourism-review.com/un-tourism-candidacy-of-georgia-withdrawn-news14958,tourism_review,2026-01-07T02:50:36.293006
GEN Z TRAVELERS RESHAPE THE HOSPITALITY INDUSTRY,https://www.tourism-review.com/gen-z-travelers-and-employees-affect-hospitality-news15249,tourism_review,2026-01-07T02:50:36.294775
TOP 5 BUSINESS TRAVEL TRENDS 2026,https://www.tourism-review.com/coming-business-travel-trends-of-2026-news15202,tourism_review,2026-01-07T02:50:36.294775
360-DEGREE TOURISM PROMO SERVICE TO LEVEL UP TRAVEL MARKETING,https://www.tourism-review.com/the-unique-360-degree-tourism-promo-package-news14868,tourism_review,2026-01-07T02:50:36.294775
TOP PERFORMING TRAVEL DESTINATIONS IN 2025,https://www.tourism-review.com/london-tokyo-and-paris-were-the-leading-travel-destinations-in-2025-news15250,tourism_review,2026-01-07T02:50:36.295784
THE RISING TIDE OF TOURIST TAXES MAKES GLOBAL TRAVEL COSTLIER,https://www.tourism-review.com/tourist-taxes-increasing-around-the-world-news15251,tourism_review,2026-01-07T02:50:36.295784
THE EVOLUTION OF LUXURY HOSPITALITY: KEY TRENDS SHAPING THE FUTURE,https://www.tourism-review.com/luxury-hospitality-offers-unique-experiences-news15253,tourism_review,2026-01-07T02:50:36.295784
INTERNATIONAL TOURISM RETURNS TO AND EXCEEDS ITS PRE-PANDEMIC LEVELS,https://www.tourism-review.com/international-tourism-shows-record-numbers-news15254,tourism_review,2026-01-07T02:50:36.295784
PRACTICAL APPLICATIONS OF AI FOR TRAVEL AGENCIES’ OPERATIONS,https://www.tourism-review.com/travel-agencies-operations-are-more-efficient-with-ai-news15255,tourism_review,2026-01-07T02:50:36.295784
TOP FIVE MOST FANTASTIC DIVING SPOTS WORLDWIDE,https://www.tourism-review.com/best-diving-spots-around-the-world-news15180,tourism_review,2026-01-07T02:50:36.295784
TOP 5 ANCIENT MONASTERIES IN ARMENIA,https://www.tourism-review.com/armenian-ancient-monasteries-attract-history-lovers-news15155,tourism_review,2026-01-07T02:50:36.295784
TOP 5 NEW TRAVEL TRENDS OF GERMAN TRAVELERS IN 2026,https://www.tourism-review.com/trends-german-travelers-expected-to-use-more-railway-news15133,tourism_review,2026-01-07T02:50:36.295784
TOP 10 MOST EXPENSIVE TOURIST DESTINATIONS IN EUROPE,https://www.tourism-review.com/europes-most-expensive-tourist-destinations-news15113,tourism_review,2026-01-07T02:50:36.295784
THE PURCHASE OF LUXURY BUSES STRENGTHENS OSABUS' POSITION IN THE BUS RENTAL MARKET IN FRANKFURTVideo,https://www.tourism-review.com/osabus-enhances-presence-in-bus-rental-in-frankfurt-news14533,tourism_review,2026-01-07T02:50:36.295784
WE SIMPLIFIED TOURISM MARKETING COMMUNICATION ACROSS LANGUAGES,https://www.tourism-review.com/tourism-marketing-communication-across-languages-news11191,tourism_review,2026-01-07T02:50:36.295784
ITB BERLIN 2020 CANCELLED,https://www.tourism-review.com/itb-berlin-2020-will-not-take-place-news11412,tourism_review,2026-01-07T02:50:36.295784
LIKE OR NOPE WITH 8XPLORER APP TO CREATE YOUR OWN PERSONALIZED TRAVEL ITINERARY IN 3 EASY MINUTESVideo,https://www.tourism-review.com/8xplorer-app-customizes-your-travel-itinerary-news11211,tourism_review,2026-01-07T02:50:36.295784
Tourism Review Online Magazine1 / 2024,https://www.tourism-review.com/travel-tourism-magazine-mass-tourism-shared-economy-and-cycling-are-hot-topics-in-the-industry-109,tourism_review,2026-01-07T02:50:36.295784
Tourism Review Online Magazine1 / 2023,https://www.tourism-review.com/travel-tourism-magazine-tourism-industry-embraces-new-trends-and-technology-including-artificial-intelligence-108,tourism_review,2026-01-07T02:50:36.295784
"EUROPEAN AIR TRAVEL 2025: FEWER FLIGHT CANCELLATIONS, BUT DELAYS PERSIST",https://www.tourism-review.com/2025-saw-fewer-flight-cancellations-news15246,tourism_review,2026-01-07T02:50:36.297795
THE HIDDEN DANGERS OF LOW-COST AESTHETIC TOURISM,https://www.tourism-review.com/aesthetic-tourism-often-brings-unexpected-complications-news15247,tourism_review,2026-01-07T02:50:36.297795
CARIBBEAN CORAL REEFS LOSE NEARLY HALF THEIR COVER SINCE 1980,https://www.tourism-review.com/caribbean-coral-reefs-lost-almost-half-their-cover-news15252,tourism_review,2026-01-07T02:50:36.297795
HOTEL MARKETERS MUST ADAPT TO AI-DRIVEN TRAVEL DISCOVERY,https://www.tourism-review.com/hotel-marketers-need-to-include-geo-to-stay-afloat-news15256,tourism_review,2026-01-07T02:50:36.297795
Tourism Review Online Magazine1 / 2025,https://www.tourism-review.com/travel-tourism-magazine-overtourism-us-tourism-and-artificial-intelligence-are-the-current-topics-in-the-industry-110,tourism_review,2026-01-07T02:50:36.297795
I trekked through the Andes to a crowd-free Inca city,https://www.independent.co.uk/travel/south-america/peru/peru-choquequirao-crowd-free-machu-picchu-b2894578.html,independent_travel,2026-01-07T02:50:39.302059
Naples remains a city in love with the beautiful game,https://www.independent.co.uk/travel/europe/italy/naples-italy-football-shrines-sites-maradona-b2892808.html,independent_travel,2026-01-07T02:50:39.302059
Seven castles in the UK for a Traitors-style getaway,https://www.independent.co.uk/travel/uk/traitors-best-castles-uk-stay-b2893385.html,independent_travel,2026-01-07T02:50:39.302059
The best places we went to in 2025 and where you should go too,https://www.independent.co.uk/travel/inspiration/travel-desk-best-destinations-2025-b2889091.html,independent_travel,2026-01-07T02:50:39.302059
Magaluf is quietly becoming Spain’s most cultural getaway,https://www.independent.co.uk/travel/europe/spain/magluf-spain-flem-literary-festival-b2883495.html,independent_travel,2026-01-07T02:50:39.302059
Brittany in winter is surprisingly beautiful,https://www.independent.co.uk/travel/europe/france/brittany-france-ferry-trip-winter-b2881201.html,independent_travel,2026-01-07T02:50:39.302059
Is this city Europe’s new capital of cool?,https://www.independent.co.uk/travel/europe/latvia/riga-city-break-arts-culture-b2881650.html,independent_travel,2026-01-07T02:50:39.302059
St-Paul-de-Vence is the tiny French town bursting with art galleries,https://www.independent.co.uk/travel/cultural-holidays/st-paul-de-vence-france-art-galleries-b2879938.html,independent_travel,2026-01-07T02:50:39.302059
Philadelphia is the USA’s ultimate city for food,https://www.independent.co.uk/travel/north-america/usa/philadelphia-food-scene-usa-b2880848.html,independent_travel,2026-01-07T02:50:39.303413
Philadelphia is the USA’s ultimate city for food,https://www.independent.co.uk/travel/north-america/usa,independent_travel,2026-01-07T02:50:39.303413
Why the Caledonian Sleeper is one of the world’s best train journeys,https://www.independent.co.uk/travel/uk/scotland/caledonian-sleeper-train-euston-fort-william-review-b2895374.html,independent_travel,2026-01-07T02:50:39.303413
Why the Caledonian Sleeper is one of the world’s best train journeys,https://www.independent.co.uk/travel/uk/scotland,independent_travel,2026-01-07T02:50:39.303413
Seven unusual ways to travel ethically in 2025,https://www.independent.co.uk/travel/inspiration/ethical-travel-2025-coffee-beekeeping-pilgrim-paths-b2675261.html,independent_travel,2026-01-07T02:50:39.303413
Inside the destinations rewarding people for being better tourists,https://www.independent.co.uk/travel/sustainable-travel/holiday-sustainable-ethical-tourism-rewards-environment-b2591309.html,independent_travel,2026-01-07T02:50:39.303413
The ultimate rail adventure from London to Morocco,https://www.independent.co.uk/tv/lifestyle/london-france-spain-morocco-africa-train-guide-b2884150.html,independent_travel,2026-01-07T02:50:39.308961
Delve into the rhythms and flavours of Louisiana,https://www.independent.co.uk/tv/lifestyle/louisiana-food-culture-guide-b2860676.html,independent_travel,2026-01-07T02:50:39.308961
Discover Norway’s majestic fjords with Travel Smart,https://www.independent.co.uk/tv/lifestyle/norway-fjords-guide-cruise-b2820995.html,independent_travel,2026-01-07T02:50:39.308961
Is Menorca or Mallorca the best Balearic island for you?,https://www.independent.co.uk/life-style/which-balearic-menorca-mallorca-b2834510.html,independent_travel,2026-01-07T02:50:39.308961
Can an all-inclusive break to Turkey teach a holiday hoarder to relax?,https://www.independent.co.uk/travel/europe/turkey/holiday-hoarding-xo-cape-arnna-dalaman-turkey-review-b2890078.html,independent_travel,2026-01-07T02:50:39.308961
"Best hotels in Dallas-Fort Worth, reviewed by an expert",https://www.independent.co.uk/travel/north-america/usa/texas/best-hotels-dallas-fort-worth-families-couples-girls-weekend-b2840041.html,independent_travel,2026-01-07T02:50:39.308961
"Hotel Chinzanso Tokyo, Japan, hotel review",https://www.independent.co.uk/travel/asia/japan/tokyo/hotel-chinzanso-tokyo-japan-hotel-review-b2892106.html,independent_travel,2026-01-07T02:50:39.308961
This Traitors-esque Scottish hotel is full of grandeur and style,https://www.independent.co.uk/travel/uk/scotland/mar-hall-scotland-traitors-hotel-review-b2894499.html,independent_travel,2026-01-07T02:50:39.308961
This might be one of the best kid-friendly hotels in the Cotswolds,https://www.independent.co.uk/travel/uk/england/cotswolds/calcot-manor-spa-tetbury-cotswolds-hotel-review-b2867609.html,independent_travel,2026-01-07T02:50:39.308961
I have found the best hotels in Chicago for 2026,https://www.independent.co.uk/travel/north-america/usa/illinois/best-hotels-chicago-usa-b2087027.html,independent_travel,2026-01-07T02:50:39.308961
I have found the very best hotels in Cape Verde for a luxury stay,https://www.independent.co.uk/travel/africa/best-cape-verde-luxury-hotels-b2840071.html,independent_travel,2026-01-07T02:50:39.308961
I have found the very best hotels in Marrakech for 2026,https://www.independent.co.uk/travel/north-africa-middle-east/morocco/best-hotels-marrakech-morocco-b2069745.html,independent_travel,2026-01-07T02:50:39.308961
South Tyrol has some of the most exciting winter food spots,https://www.independent.co.uk/travel/europe/italy/south-tyrol-italy-food-holiday-winter-b2880739.html,independent_travel,2026-01-07T02:50:39.308961
Seven of the best places you can get to on the Eurostar from London,https://www.independent.co.uk/travel/news-and-advice/best-eurostar-trips-paris-amsterdam-b2866303.html,independent_travel,2026-01-07T02:50:39.310024
Mitchelville could be the most important place you visit in the USA,https://www.independent.co.uk/travel/north-america/usa/south-carolina/visit-mitchelville-hilton-head-island-south-carolina-b2884203.html,independent_travel,2026-01-07T02:50:39.310024
"Modern Las Vegas might be fading, but its vintage side still thrills",https://www.independent.co.uk/travel/north-america/usa/las-vegas/modern-vintage-las-vegas-b2862186.html,independent_travel,2026-01-07T02:50:39.310024
I visited the birthplace of country music – and it’s not Nashville,https://www.independent.co.uk/travel/north-america/usa/crooked-road-virginia-birthplace-country-music-b2848812.html,independent_travel,2026-01-07T02:50:39.310024
Louisiana: a guide to the musical state that never sleeps,https://www.independent.co.uk/travel/louisiana-a-guide-to-the-musical-state-that-never-sleeps-b2838005.html,independent_travel,2026-01-07T02:50:39.310024
The ultimate LGBT+ travel guide to Chicago,https://www.independent.co.uk/travel/north-america/usa/chicago-lgbt-guide-travel-b2788443.html,independent_travel,2026-01-07T02:50:39.310024
Inside the real-life ranch where Yellowstone was filmed,https://www.independent.co.uk/travel/north-america/usa/yellowstone-dutton-ranch-true-story-location-b2766582.html,independent_travel,2026-01-07T02:50:39.310024
The best Boxing Day walks across the UK,https://www.independent.co.uk/travel/uk/best-boxing-day-pub-walks-b2887895.html,independent_travel,2026-01-07T02:50:39.310024
Where to find Banksy artwork in London and beyond,https://www.independent.co.uk/travel/inspiration/where-banksy-artwork-london-uk-world-locations-b2889961.html,independent_travel,2026-01-07T02:50:39.310024
The best Christmas markets to visit in the UK for last-minute gifts,https://www.independent.co.uk/travel/uk/best-christmas-markets-uk-london-winchester-edinburgh-b2889981.html,independent_travel,2026-01-07T02:50:39.310024
These real-life ‘Polar Express’ trains bring magic to your journey,https://www.independent.co.uk/travel/inspiration/best-christmas-trains-polar-express-uk-b2889973.html,independent_travel,2026-01-07T02:50:39.310024
The real-life filming locations of The Holiday you should visit,https://www.independent.co.uk/travel/uk/where-the-holiday-filmed-surrey-locations-b2889428.html,independent_travel,2026-01-07T02:50:39.310024
These affordable Devon lodges are perfect for a cosy family getaway,https://www.independent.co.uk/travel/uk/england/devon/mole-resort-devon-lodge-review-christmas-b2889000.html,independent_travel,2026-01-07T02:50:39.310024
"The best boutique hotels in Liverpool, reviewed",https://www.independent.co.uk/travel/uk/england/liverpool/boutique-hotels-liverpool-b2743867.html,independent_travel,2026-01-07T02:50:39.310024
Best UK hotels with swimming pools 2025,https://www.independent.co.uk/travel/uk/best-uk-hotels-swimming-pools-b2117010.html,independent_travel,2026-01-07T02:50:39.310024
"The best spa hotels in Edinburgh 2025, reviewed",https://www.independent.co.uk/travel/uk/scotland/edinburgh/best-spa-hotels-edinburgh-b2637625.html,independent_travel,2026-01-07T02:50:39.310024
"The best budget-friendly hotels in the Cotswolds, reviewed",https://www.independent.co.uk/travel/uk/england/cotswolds/best-cheap-hotels-cotswolds-b2362250.html,independent_travel,2026-01-07T02:50:39.310024
Best places to stay on the UK's top walking routes,https://www.independent.co.uk/travel/uk/best-places-to-stay-uk-walking-routes-b2683715.html,independent_travel,2026-01-07T02:50:39.310024
Best family hotels in the Lake District 2025,https://www.independent.co.uk/travel/uk/england/lake-district/best-family-friendly-hotels-lake-district-b2652897.html,independent_travel,2026-01-07T02:50:39.310024
"Jumeirah Carlton Tower, London, hotel review",https://www.independent.co.uk/travel/uk/england/london/jumeirah-carlton-tower-london-hotel-review-b2780085.html,independent_travel,2026-01-07T02:50:39.310024
"Best spa hotels in Bath for 2025, reviewed",https://www.independent.co.uk/travel/uk/england/bath/best-spa-hotels-bath-b2717417.html,independent_travel,2026-01-07T02:50:39.310024
Holafly: The ultimate travel companion for backpackers,https://www.independent.co.uk/travel/holafy-travel-companion-backpackers-b2880580.html,independent_travel,2026-01-07T02:50:39.310024
Why Louisiana belongs on every nature lover’s bucket list,https://www.independent.co.uk/travel/why-louisiana-belongs-on-every-nature-lover-s-bucket-list-b2838154.html,independent_travel,2026-01-07T02:50:39.311077
Five perfect family getaways in Catalonia’s green heart,https://www.independent.co.uk/travel/travel-family-spain-green-b2865287.html,independent_travel,2026-01-07T02:50:39.311077
Inside the living traditions of the Pyrenees of Catalonia,https://www.independent.co.uk/travel/travel-spain-traditions-mountains-b2865284.html,independent_travel,2026-01-07T02:50:39.311077
These are the best discounts in the Great British Rail Sale,https://www.independent.co.uk/travel/news-and-advice/rail-sale-cheap-train-ticket-discounts-b2895437.html,independent_travel,2026-01-07T02:50:39.311077
Mass cancellations at Amsterdam airport as snow wreaks travel chaos,https://www.independent.co.uk/travel/news-and-advice/amsterdam-airport-delays-cancellations-snow-ice-b2895102.html,independent_travel,2026-01-07T02:50:39.311077
What is changing for British travellers to Europe this year?,https://www.independent.co.uk/travel/news-and-advice/europe-entry-exit-etias-british-rules-change-b2895470.html,independent_travel,2026-01-07T02:50:39.311077
Drop-off fee at Gatwick airport skyrockets,https://www.independent.co.uk/bulletin/news/gatwick-airport-drop-off-fee-cost-b2895297.html,independent_travel,2026-01-07T02:50:39.311077
"Save 20% on luxury resorts, with this Club Med discount code",https://www.independent.co.uk/deals/club-med-discount-code-b2696011.html,independent_travel,2026-01-07T02:50:39.311077
Best travel deals for holidays in February 2026,https://www.independent.co.uk/deals/february-holiday-deals-b2887216.html,independent_travel,2026-01-07T02:50:39.311077
How to get up to 40% off airport parking with Holiday Extras,https://www.independent.co.uk/deals/holiday-extras-discount-codes-b2777301.html,independent_travel,2026-01-07T02:50:39.311077
Save 25% on National Express coach tickets – plus kids travel for free,https://www.independent.co.uk/deals/national-express-discount-code-deal-b2714636.html,independent_travel,2026-01-07T02:50:39.311077
The ultimate Italy travel guide,https://www.independent.co.uk/travel/europe/italy/italy-travel-guide-b2556455.html,independent_travel,2026-01-07T02:50:39.311077
The ultimate France travel guide,https://www.independent.co.uk/travel/europe/france/france-country-guide-travel-holiday-b2103459.html,independent_travel,2026-01-07T02:50:39.311077
The ultimate Australia travel guide,https://www.independent.co.uk/travel/australasia/australia/australia-country-guide-travel-holiday-b2163854.html,independent_travel,2026-01-07T02:50:39.311077
The ultimate USA travel guide,https://www.independent.co.uk/travel/north-america/usa/usa-country-guide-travel-holiday-b2110161.html,independent_travel,2026-01-07T02:50:39.311077
The ultimate Spain travel guide,https://www.independent.co.uk/travel/europe/spain/spain-country-guide-travel-holiday-b2102562.html,independent_travel,2026-01-07T02:50:39.311077
The ultimate Greece travel guide,https://www.independent.co.uk/travel/europe/greece/greece-country-guide-travel-holiday-b2103555.html,independent_travel,2026-01-07T02:50:39.311077
The ultimate Portugal travel guide,https://www.independent.co.uk/travel/europe/portugal/portugal-country-guide-travel-holiday-b2102589.html,independent_travel,2026-01-07T02:50:39.311077
The ultimate Argentina travel guide,https://www.independent.co.uk/travel/south-america/argentina/argentina-travel-guide-b2371333.html,independent_travel,2026-01-07T02:50:39.311077
These are the best budget-friendly city breaks in Europe 2026,https://www.independent.co.uk/travel/budget-travel/affordable-city-breaks-europe-cheap-b2895550.html,independent_travel,2026-01-07T02:50:39.311077
This Baltic capital proved to be the perfect winter city break,https://www.independent.co.uk/travel/europe/lithuania/vilnius-christmas-market-lukiskes-prison-b2891170.html,independent_travel,2026-01-07T02:50:39.311077
This cosy German city welcomes visitors like locals,https://www.independent.co.uk/travel/europe/germany/koblenz-germany-cosy-europe-autumn-city-break-b2853262.html,independent_travel,2026-01-07T02:50:39.311077
Why Alan Partridge’s Norwich is perfect for an autumn break,https://www.independent.co.uk/travel/uk/norwich-best-things-to-do-alan-partridge-b2848304.html,independent_travel,2026-01-07T02:50:39.312076
This underrated European capital excels in old-world glamour,https://www.independent.co.uk/travel/europe/poland/warsaw-city-guide-glamour-b2846005.html,independent_travel,2026-01-07T02:50:39.312076
"Forget Bath – Buxton is a charming, crowd-free alternative",https://www.independent.co.uk/travel/uk/buxton-england-quiet-city-break-bath-alternative-b2845669.html,independent_travel,2026-01-07T02:50:39.312076
Swap overtourism-blighted destinations for these under-the-radar spots,https://www.independent.co.uk/travel/sustainable-travel/overtourism-under-radar-destinations-amsterdam-barcelona-b2470475.html,independent_travel,2026-01-07T02:50:39.312076
Walking with gods in the Greek Peloponnese,https://www.independent.co.uk/travel/europe/greece/sustainable-greek-islands-walking-holiday-b2467978.html,independent_travel,2026-01-07T02:50:39.312076
Having coffee on your flight? Water might not be as clean as you think,https://www.independent.co.uk/travel/news-and-advice/airlines-flight-drinking-water-coffee-bacteria-safety-b2895066.html,independent_travel,2026-01-07T02:50:39.312076
Most reliable airlines of 2025 revealed,https://www.independent.co.uk/travel/news-and-advice/most-reliable-punctual-airlines-revealed-b2895337.html,independent_travel,2026-01-07T02:50:39.312076
The do’s and don’ts for getting a free hotel room upgrade,https://www.independent.co.uk/travel/news-and-advice/hotel-room-upgrade-tips-b2848627.html,independent_travel,2026-01-07T02:50:39.312076
Major US airline to introduce premium economy cabin for first time,https://www.independent.co.uk/travel/news-and-advice/premium-economy-hawaiian-airlines-b2895311.html,independent_travel,2026-01-07T02:50:39.312076
"Five dead, flights cancelled as snow and ice wreak havoc across Europe",https://www.independent.co.uk/travel/news-and-advice/cold-weather-flights-france-europe-b2895339.html,independent_travel,2026-01-07T02:50:39.312076
Thailand’s tourism numbers drop after turbulent year,https://www.independent.co.uk/travel/news-and-advice/thailand-tourism-numbers-drop-asia-travel-b2895254.html,independent_travel,2026-01-07T02:50:39.312076
Hundreds of tourists stranded on Yemen island following clashes,https://www.independent.co.uk/travel/news-and-advice/tourists-stranded-yemeni-island-fighting-grounds-flights-b2895162.html,independent_travel,2026-01-07T02:50:39.312076
Why this new Disneyland pass is a win for families,https://www.independent.co.uk/travel/news-and-advice/disneyland-resort-california-new-pass-benefits-b2894846.html,independent_travel,2026-01-07T02:50:39.312076
Hilton cuts ties with Hampton Inn that refused to house ICE agents,https://c.newsnow.co.uk/A/1299426510?-18728:4648,newsuk_travel,2026-01-07T02:50:42.465169
Travellers issued major warning if they plan to visit any of these 28 countries,https://c.newsnow.co.uk/A/1299385709?-18728:4648,newsuk_travel,2026-01-07T02:50:42.465169
Where to go for a first-time safari in Africa,https://c.newsnow.co.uk/A/1299284387?-18728:4648,newsuk_travel,2026-01-07T02:50:42.465169
State launches 'America First' license plate as others unveil patriotic America 250 designs,https://c.newsnow.co.uk/A/1299314632?-18728:4648,newsuk_travel,2026-01-07T02:50:42.466169
A guide to safari in India,https://c.newsnow.co.uk/A/1299263590?-18728:4648,newsuk_travel,2026-01-07T02:50:42.466169
Japan triples departure tax for overseas travelers from July 2026,https://c.newsnow.co.uk/A/1299211965?-18728:4648,newsuk_travel,2026-01-07T02:50:42.466169
UK tourists stuck on P&O cruise ship in Caribbean after Donald Trump's strike on Venezuela,https://c.newsnow.co.uk/A/1299447030?-18728:4648,newsuk_travel,2026-01-07T02:50:42.466169
Review: Chase Sapphire Lounge Philadelphia Airport (Phl),https://c.newsnow.co.uk/A/1299446473?-18728:4648,newsuk_travel,2026-01-07T02:50:42.466169
Chef Hiroaki Mitsui's Easy Ramen Recipe Uses Pantry Ingredients,https://c.newsnow.co.uk/A/1299446110?-18728:4648,newsuk_travel,2026-01-07T02:50:42.466169
"Meet Cami, the Very Good Dog Whose Cuddles Saved Her Owner’s Life",https://c.newsnow.co.uk/A/1299445167?-18728:4648,newsuk_travel,2026-01-07T02:50:42.467168
We Asked 5 Honeymoon Planners Their Favorite Romantic Destination—and They All Picked the Same Country,https://c.newsnow.co.uk/A/1299445023?-18728:4648,newsuk_travel,2026-01-07T02:50:42.467168
This Travelodge hack could slash the cost of your next hotel stay,https://c.newsnow.co.uk/A/1299443896?-18728:4648,newsuk_travel,2026-01-07T02:50:42.467168
How to See Milan’s Magnificent Art and Design Scene in Two Days,https://c.newsnow.co.uk/A/1299443892?-18728:4648,newsuk_travel,2026-01-07T02:50:42.467168
These New Supercar Tours Let You Explore the Alps Behind the Wheel of a Porsche or Ferrari,https://c.newsnow.co.uk/A/1299443699?-18728:4648,newsuk_travel,2026-01-07T02:50:42.467168
I trekked through the Andes to a crowd-free Inca city,https://c.newsnow.co.uk/A/1299443641?-18728:4648,newsuk_travel,2026-01-07T02:50:42.468169
"Easy Gluten-free Brazilian Cheese Bread Recipe (6 Ingredients, 25 Minutes)",https://c.newsnow.co.uk/A/1299442880?-18728:4648,newsuk_travel,2026-01-07T02:50:42.468169
Creamy Garlic Dill Yukon Gold Mashed Potatoes Recipe (5 Ingredients),https://c.newsnow.co.uk/A/1299441006?-18728:4648,newsuk_travel,2026-01-07T02:50:45.802903
Is It Actually Cheaper to Ski in Europe Than in the U.S.—Airfare Included? We Did the Math,https://c.newsnow.co.uk/A/1299439967?-18728:4648,newsuk_travel,2026-01-07T02:50:45.802903
Creamy Baked Corn Casserole Recipe With Parmesan Reggiano Is Divine,https://c.newsnow.co.uk/A/1299439524?-18728:4648,newsuk_travel,2026-01-07T02:50:45.802903
The Food Chain Ferran Adriá,https://c.newsnow.co.uk/A/1299438394?-18728:4648,newsuk_travel,2026-01-07T02:50:45.802903
Silky French Vanilla High-Protein Cheesecake Recipe Uses Healthier Ingredients,https://c.newsnow.co.uk/A/1299438326?-18728:4648,newsuk_travel,2026-01-07T02:50:45.802903
The small mistake that almost cancelled my big family trip to Canada,https://c.newsnow.co.uk/A/1299437312?-18728:4648,newsuk_travel,2026-01-07T02:50:45.802903
"This Sunshine Muffins Recipe Is Full of Healthy Ingredients, Fiber & Protein",https://c.newsnow.co.uk/A/1299435271?-18728:4648,newsuk_travel,2026-01-07T02:50:45.803902
"Sunshine Muffins Recipe Is Full of Healthy Ingredients, Fiber & Protein",https://c.newsnow.co.uk/A/1299435181?-18728:4648,newsuk_travel,2026-01-07T02:50:45.803902
Here's why Afar says 'we're flocking to Boston in 2026',https://c.newsnow.co.uk/A/1299434778?-18728:4648,newsuk_travel,2026-01-07T02:50:45.804489
Inside Tribeca's trendiest boutique hotel loved by the Hollywood A-List,https://c.newsnow.co.uk/A/1299433528?-18728:4648,newsuk_travel,2026-01-07T02:50:45.804489
My husband and I spend Christmas and New Year's traveling. We love never knowing where we'll be for the holidays.,https://c.newsnow.co.uk/A/1299432663?-18728:4648,newsuk_travel,2026-01-07T02:50:45.804489
Dump-and-Bake Mediterranean Chicken Casserole Recipe Tastes Like Risotto (High Protein),https://c.newsnow.co.uk/A/1299431989?-18728:4648,newsuk_travel,2026-01-07T02:50:45.805510
"10 Stunning National Parks to Visit Outside the U.S., According to Top Travel Advisors",https://c.newsnow.co.uk/A/1299431869?-18728:4648,newsuk_travel,2026-01-07T02:50:45.805510
See inside American's flight operations center that managed the Caribbean chaos after the US strikes on Venezuela,https://c.newsnow.co.uk/A/1299427984?-18728:4648,newsuk_travel,2026-01-07T02:50:45.805510
Taiwan's Starlux eyes US East Coast as it adds new Airbus A350-1000 to fleet,https://c.newsnow.co.uk/A/1299427457?-18728:4648,newsuk_travel,2026-01-07T02:50:45.805510
Alphabet Coloring Pages: Fun Printable Letters Coloring Pages to Help Kids Learn Their ABCs,https://c.newsnow.co.uk/A/1299427257?-18728:4648,newsuk_travel,2026-01-07T02:50:45.806521
Dry January Benefits: 7 Emotional & Psychological Benefits of Taking a Month Off Alcohol,https://c.newsnow.co.uk/A/1299425829?-18728:4648,newsuk_travel,2026-01-07T02:50:45.807523
Is It Safe to Visit the Caribbean Right Now? What Travelers Should Know,https://c.newsnow.co.uk/A/1299424912?-18728:4648,newsuk_travel,2026-01-07T02:50:45.807523
The oldest restaurant in every state,https://c.newsnow.co.uk/A/1299422321?-18728:4648,newsuk_travel,2026-01-07T02:50:45.807523
Scottish area that is 'Europe's last wilderness' named best place to visit in 2026,https://c.newsnow.co.uk/A/1299421488?-18728:4648,newsuk_travel,2026-01-07T02:50:45.807523
"I travel for a living. Here are 9 items I always pack in case my flight is canceled, and I get stranded.",https://c.newsnow.co.uk/A/1299419612?-18728:4648,newsuk_travel,2026-01-07T02:50:45.808522
"Frontier Airlines Makes Bizarre Credit Card Claim With Dot, Then Backtracks",https://c.newsnow.co.uk/A/1299419239?-18728:4648,newsuk_travel,2026-01-07T02:50:45.808522
Most reliable airlines of 2025 revealed,https://c.newsnow.co.uk/A/1299419188?-18728:4648,newsuk_travel,2026-01-07T02:50:45.808522
These are the best discounts in the Great British Rail Sale,https://c.newsnow.co.uk/A/1299419187?-18728:4648,newsuk_travel,2026-01-07T02:50:45.808522
Carnival Cruise Line shakes up its zero-proof beverage lineup,https://c.newsnow.co.uk/A/1299418239?-18728:4648,newsuk_travel,2026-01-07T02:50:45.809520
Best UK staycation deals to cure the January blues from spa breaks to remote destinations,https://c.newsnow.co.uk/A/1299416680?-18728:4648,newsuk_travel,2026-01-07T02:50:45.809520
The best time to visit Indonesia,https://c.newsnow.co.uk/A/1299416588?-18728:4648,newsuk_travel,2026-01-07T02:50:45.809520
The 9 Best Children's Museums in the U.S.,https://c.newsnow.co.uk/A/1299415809?-18728:4648,newsuk_travel,2026-01-07T02:50:45.809520
"Magic Air Fryer Barbecue Chicken Recipe Is Dinner Winner (30 Minutes, 8 Ingredients)",https://c.newsnow.co.uk/A/1299415102?-18728:4648,newsuk_travel,2026-01-07T02:50:45.809520
Medieval city ignored by most tourists tipped for 2026 with £4 lunches and UNESCO sites,https://c.newsnow.co.uk/A/1299345659?-18728:4648,newsuk_travel,2026-01-07T02:50:49.084577
How to trek to Everest Base Camp,https://c.newsnow.co.uk/A/1299238863?-18728:4648,newsuk_travel,2026-01-07T02:50:49.085584
Air route connecting Kuala Lumpur with Singapore named world's third busiest,https://c.newsnow.co.uk/A/1299343745?-18728:4648,newsuk_travel,2026-01-07T02:50:49.085584
A guide to all 20 arrondissements in Paris,https://c.newsnow.co.uk/A/1299279251?-18728:4648,newsuk_travel,2026-01-07T02:50:49.086583
